CB_L31_106	R
	
CB_L31_11	R
	
CB_L31_17	R
	
CB_L31_23	R
	
CB_L31_38	R
	
CB_L31_39	R
	
CB_L31_3	R
	
CB_L31_52	R
	
CB_L31_58	R
	
CB_L31_59	R
	
CB_L31_74	R
	
CB_L31_75	R
	
CB_L31_76	R
	
CB_L31_79	R
	
CB_L31_80	R
	
CB_L31_90	R
	
CB_L31_93	R
	
CB_L60_101	R
	
CB_L60_102	R
	
CB_L60_106	R
	
CB_L60_107	R
	
CB_L60_15	R
	
CB_L60_47	R
	
CB_L60_58	R
	
CB_L60_63	R
	
CB_L60_64	R
	
CB_L60_6	R
	
CB_L60_70	R
	
CB_L60_73	R
	
CB_L60_76	R
	
CB_L60_91	R
	
CB_L60_96	R
	
CB_PR_16	R
	
CB_PR_18	R
	
CB_PR_22	R
	
CB_PR_35	R
	
CB_PR_43	R
	
CB_PR_47	R
	
CB_PR_48	R
	
CB_PR_57	R
	
CB_PR_58	R
	
CB_PR_60	R
	
CB_PR_62	R
	
CB_PR_64	R
	
CB_PR_70	R
	
CB_PR_73	R
	
CB_PR_84	R
	
CB_PR_8	R
