CB_GULF_100	S
	
CB_GULF_14	S
	
CB_GULF_16	S
	
CB_GULF_21	S
	
CB_GULF_2	S
	
CB_GULF_34	S
	
CB_GULF_3	S
	
CB_GULF_43	S
	
CB_GULF_45	S
	
CB_GULF_58	S
	
CB_GULF_5	S
	
CB_GULF_66	S
	
CB_GULF_6	S
	
CB_GULF_76	S
	
CB_GULF_87	S
	
CB_GULF_89	S
	
CB_GULF_8	S
	
CB_GULF_90	S
	
CB_GULF_94	S
	
CB_L46_100	S
	
CB_L46_11	S
	
CB_L46_13	S
	
CB_L46_16	S
	
CB_L46_33	S
	
CB_L46_36	S
	
CB_L46_39	S
	
CB_L46_47	S
	
CB_L46_53	S
	
CB_L46_54	S
	
CB_L46_55	S
	
CB_L46_59	S
	
CB_L46_5	S
	
CB_L46_68	S
	
CB_L46_73	S
	
CB_L46_96	S
	
CB_SLB_108	S
	
CB_SLB_12	S
	
CB_SLB_14	S
	
CB_SLB_46	S
	
CB_SLB_49	S
	
CB_SLB_55	S
	
CB_SLB_60	S
	
CB_SLB_79	S
	
CB_SLB_86	S
	
CB_SLB_92	S
